{"v":"5.5.7","meta":{"g":"LottieFiles AE 0.1.20","a":"","k":"","d":"","tc":""},"fr":29.8999938964844,"ip":0,"op":49.9999897934521,"w":500,"h":500,"nm":"Comp 1","ddd":0,"assets":[{"id":"comp_0","layers":[{"ddd":0,"ind":1,"ty":4,"nm":"Path 2","sr":1,"ks":{"o":{"a":0,"k":100,"ix":11},"r":{"a":0,"k":0,"ix":10},"p":{"a":0,"k":[257.039,72.893,0],"ix":2},"a":{"a":0,"k":[223.539,36.185,0],"ix":1},"s":{"a":0,"k":[100,100,100],"ix":6}},"ao":0,"shapes":[{"ty":"gr","it":[{"ind":0,"ty":"sh","ix":1,"ks":{"a":0,"k":{"i":[[210.584,146.392],[135.893,80.57],[138.536,12.984],[130.322,0],[37.062,38.79],[37.062,120.918],[26.351,168.444],[0,194.424],[9.697,222.369],[225.457,222.369],[247.078,212.672],[244.322,188.432],[210.584,146.392]],"o":[[168.233,116.58200000000001],[135.893,24.706999999999997],[136.893,0.8640000000000001],[75.854,0],[37.062,86.476],[37.062,145.366],[2.755,188.432],[0,212.672],[21.618,222.369],[237.38,222.369],[247.078,194.424],[221.159,168.791],[210.113,122.563]],"v":[[210.113,122.563],[135.893,37.062],[143.218,2.346],[123.538,0],[37.062,86.476],[37.062,120.918],[7.56,184.331],[0,200.749],[21.618,222.369],[225.457,222.369],[247.078,200.749],[239.393,184.22],[210.113,122.563]],"c":true},"ix":2},"nm":"Path 1","mn":"ADBE Vector Shape - Group","hd":false,"_render":true},{"ind":1,"ty":"sh","ix":2,"ks":{"a":0,"k":{"i":[[210.113,122.563]],"o":[[210.113,122.563]],"v":[[210.113,122.563]],"c":false},"ix":2},"nm":"Path 2","mn":"ADBE Vector Shape - Group","hd":false,"_render":true},{"ty":"fl","c":{"a":0,"k":[1,0.02,0.5753,1],"ix":4},"o":{"a":0,"k":100,"ix":5},"r":1,"bm":0,"nm":"Fill 1","mn":"ADBE Vector Graphic - Fill","hd":false,"_render":true},{"ty":"tr","p":{"a":0,"k":[0,0],"ix":2},"a":{"a":0,"k":[0,0],"ix":1},"s":{"a":0,"k":[100,100],"ix":3},"r":{"a":0,"k":0,"ix":6},"o":{"a":0,"k":100,"ix":7},"sk":{"a":0,"k":0,"ix":4},"sa":{"a":0,"k":0,"ix":5},"nm":"Transform","_render":true}],"nm":"Path 2","np":4,"cix":2,"bm":0,"ix":1,"mn":"ADBE Vector Group","hd":false,"_render":true}],"ip":0,"op":1793.99963378906,"st":0,"bm":0,"completed":true},{"ddd":0,"ind":2,"ty":4,"nm":"Path 1","sr":1,"ks":{"o":{"a":0,"k":100,"ix":11},"r":{"a":0,"k":0,"ix":10},"p":{"a":1,"k":[{"i":{"x":0.667,"y":1},"o":{"x":0.333,"y":0},"t":0,"s":[224.039,247.077,0],"to":null,"ti":null},{"i":{"x":0.667,"y":1},"o":{"x":0.333,"y":0},"t":5.814,"s":[103.039,247.077,0],"to":null,"ti":null},{"i":{"x":0.667,"y":1},"o":{"x":0.333,"y":0},"t":11.628,"s":[211.539,247.077,0],"to":null,"ti":null},{"i":{"x":0.667,"y":1},"o":{"x":0.333,"y":0},"t":15.116,"s":[134.539,247.077,0],"to":null,"ti":null},{"i":{"x":0.667,"y":1},"o":{"x":0.333,"y":0},"t":17.442,"s":[181.539,247.077,0],"to":null,"ti":null},{"i":{"x":0.667,"y":1},"o":{"x":0.333,"y":0},"t":19.435,"s":[155,247.077,0],"to":null,"ti":null},{"i":{"x":0.667,"y":1},"o":{"x":0.333,"y":0},"t":20.93,"s":[165,247.077,0],"to":null,"ti":null},{"i":{"x":0.667,"y":1},"o":{"x":0.333,"y":0},"t":22.425,"s":[160,247.077,0],"to":null,"ti":null},{"i":{"x":0.667,"y":1},"o":{"x":0.333,"y":0},"t":39.867,"s":[160.539,247.077,0],"to":null,"ti":null},{"i":{"x":0.667,"y":1},"o":{"x":0.333,"y":0},"t":40.365,"s":[151.995,247.077,0],"to":null,"ti":null},{"t":41.8599914550781,"s":[221.039,247.077,0]}],"ix":2},"a":{"a":0,"k":[49.416,49.416,0],"ix":1},"s":{"a":0,"k":[100,100,100],"ix":6}},"ao":0,"shapes":[{"ty":"gr","it":[{"ind":0,"ty":"sh","ix":1,"ks":{"a":0,"k":{"i":[[98.831,22.125],[76.707,98.832],[0,76.709],[22.122999999999998,0]],"o":[[98.831,76.709],[22.122999999999998,98.832],[0,22.125],[76.707,0]],"v":[[98.831,49.417],[49.415,98.832],[0,49.417],[49.415,0]],"c":true},"ix":2},"nm":"Path 1","mn":"ADBE Vector Shape - Group","hd":false,"_render":true},{"ind":1,"ty":"sh","ix":2,"ks":{"a":0,"k":{"i":[[98.831,49.417]],"o":[[98.831,49.417]],"v":[[98.831,49.417]],"c":false},"ix":2},"nm":"Path 2","mn":"ADBE Vector Shape - Group","hd":false,"_render":true},{"ty":"fl","c":{"a":0,"k":[1,0,0.5667,1],"ix":4},"o":{"a":0,"k":100,"ix":5},"r":1,"bm":0,"nm":"Fill 1","mn":"ADBE Vector Graphic - Fill","hd":false,"_render":true},{"ty":"tr","p":{"a":0,"k":[0,0],"ix":2},"a":{"a":0,"k":[0,0],"ix":1},"s":{"a":0,"k":[100,100],"ix":3},"r":{"a":0,"k":0,"ix":6},"o":{"a":0,"k":100,"ix":7},"sk":{"a":0,"k":0,"ix":4},"sa":{"a":0,"k":0,"ix":5},"nm":"Transform","_render":true}],"nm":"Path 1","np":4,"cix":2,"bm":0,"ix":1,"mn":"ADBE Vector Group","hd":false,"_render":true}],"ip":0,"op":1793.99963378906,"st":0,"bm":0,"completed":true}]}],"layers":[{"ddd":0,"ind":1,"ty":0,"nm":"Pre-comp 1","refId":"comp_0","sr":1,"ks":{"o":{"a":0,"k":100,"ix":11},"r":{"a":1,"k":[{"i":{"x":[0.667],"y":[1]},"o":{"x":[0.333],"y":[0]},"t":0,"s":[42]},{"i":{"x":[0.667],"y":[1]},"o":{"x":[0.333],"y":[0]},"t":9,"s":[-30]},{"i":{"x":[0.667],"y":[1]},"o":{"x":[0.333],"y":[0]},"t":14,"s":[15]},{"i":{"x":[0.667],"y":[1]},"o":{"x":[0.333],"y":[0]},"t":20,"s":[0]},{"i":{"x":[0.667],"y":[1.176]},"o":{"x":[0.333],"y":[0]},"t":39,"s":[0]},{"i":{"x":[0.667],"y":[1]},"o":{"x":[0.333],"y":[0.172]},"t":42,"s":[-30]},{"t":48.9999899975831,"s":[42]}],"ix":10},"p":{"a":0,"k":[331,171,0],"ix":2},"a":{"a":0,"k":[257,74.5,0],"ix":1},"s":{"a":0,"k":[100,100,100],"ix":6}},"ao":0,"w":352,"h":321,"ip":0,"op":1793.99963378906,"st":0,"bm":0,"completed":true,"layers":[{"ddd":0,"ind":1,"ty":4,"nm":"Path 2","sr":1,"ks":{"o":{"a":0,"k":100,"ix":11},"r":{"a":0,"k":0,"ix":10},"p":{"a":0,"k":[257.039,72.893,0],"ix":2},"a":{"a":0,"k":[223.539,36.185,0],"ix":1},"s":{"a":0,"k":[100,100,100],"ix":6}},"ao":0,"shapes":[{"ty":"gr","it":[{"ind":0,"ty":"sh","ix":1,"ks":{"a":0,"k":{"i":[[210.584,146.392],[135.893,80.57],[138.536,12.984],[130.322,0],[37.062,38.79],[37.062,120.918],[26.351,168.444],[0,194.424],[9.697,222.369],[225.457,222.369],[247.078,212.672],[244.322,188.432],[210.584,146.392]],"o":[[168.233,116.58200000000001],[135.893,24.706999999999997],[136.893,0.8640000000000001],[75.854,0],[37.062,86.476],[37.062,145.366],[2.755,188.432],[0,212.672],[21.618,222.369],[237.38,222.369],[247.078,194.424],[221.159,168.791],[210.113,122.563]],"v":[[210.113,122.563],[135.893,37.062],[143.218,2.346],[123.538,0],[37.062,86.476],[37.062,120.918],[7.56,184.331],[0,200.749],[21.618,222.369],[225.457,222.369],[247.078,200.749],[239.393,184.22],[210.113,122.563]],"c":true},"ix":2},"nm":"Path 1","mn":"ADBE Vector Shape - Group","hd":false,"_render":true},{"ind":1,"ty":"sh","ix":2,"ks":{"a":0,"k":{"i":[[210.113,122.563]],"o":[[210.113,122.563]],"v":[[210.113,122.563]],"c":false},"ix":2},"nm":"Path 2","mn":"ADBE Vector Shape - Group","hd":false,"_render":true},{"ty":"fl","c":{"a":0,"k":[1,0.02,0.5753,1],"ix":4},"o":{"a":0,"k":100,"ix":5},"r":1,"bm":0,"nm":"Fill 1","mn":"ADBE Vector Graphic - Fill","hd":false,"_render":true},{"ty":"tr","p":{"a":0,"k":[0,0],"ix":2},"a":{"a":0,"k":[0,0],"ix":1},"s":{"a":0,"k":[100,100],"ix":3},"r":{"a":0,"k":0,"ix":6},"o":{"a":0,"k":100,"ix":7},"sk":{"a":0,"k":0,"ix":4},"sa":{"a":0,"k":0,"ix":5},"nm":"Transform","_render":true}],"nm":"Path 2","np":4,"cix":2,"bm":0,"ix":1,"mn":"ADBE Vector Group","hd":false,"_render":true}],"ip":0,"op":1793.99963378906,"st":0,"bm":0,"completed":true},{"ddd":0,"ind":2,"ty":4,"nm":"Path 1","sr":1,"ks":{"o":{"a":0,"k":100,"ix":11},"r":{"a":0,"k":0,"ix":10},"p":{"a":1,"k":[{"i":{"x":0.667,"y":1},"o":{"x":0.333,"y":0},"t":0,"s":[224.039,247.077,0],"to":null,"ti":null},{"i":{"x":0.667,"y":1},"o":{"x":0.333,"y":0},"t":5.814,"s":[103.039,247.077,0],"to":null,"ti":null},{"i":{"x":0.667,"y":1},"o":{"x":0.333,"y":0},"t":11.628,"s":[211.539,247.077,0],"to":null,"ti":null},{"i":{"x":0.667,"y":1},"o":{"x":0.333,"y":0},"t":15.116,"s":[134.539,247.077,0],"to":null,"ti":null},{"i":{"x":0.667,"y":1},"o":{"x":0.333,"y":0},"t":17.442,"s":[181.539,247.077,0],"to":null,"ti":null},{"i":{"x":0.667,"y":1},"o":{"x":0.333,"y":0},"t":19.435,"s":[155,247.077,0],"to":null,"ti":null},{"i":{"x":0.667,"y":1},"o":{"x":0.333,"y":0},"t":20.93,"s":[165,247.077,0],"to":null,"ti":null},{"i":{"x":0.667,"y":1},"o":{"x":0.333,"y":0},"t":22.425,"s":[160,247.077,0],"to":null,"ti":null},{"i":{"x":0.667,"y":1},"o":{"x":0.333,"y":0},"t":39.867,"s":[160.539,247.077,0],"to":null,"ti":null},{"i":{"x":0.667,"y":1},"o":{"x":0.333,"y":0},"t":40.365,"s":[151.995,247.077,0],"to":null,"ti":null},{"t":41.8599914550781,"s":[221.039,247.077,0]}],"ix":2},"a":{"a":0,"k":[49.416,49.416,0],"ix":1},"s":{"a":0,"k":[100,100,100],"ix":6}},"ao":0,"shapes":[{"ty":"gr","it":[{"ind":0,"ty":"sh","ix":1,"ks":{"a":0,"k":{"i":[[98.831,22.125],[76.707,98.832],[0,76.709],[22.122999999999998,0]],"o":[[98.831,76.709],[22.122999999999998,98.832],[0,22.125],[76.707,0]],"v":[[98.831,49.417],[49.415,98.832],[0,49.417],[49.415,0]],"c":true},"ix":2},"nm":"Path 1","mn":"ADBE Vector Shape - Group","hd":false,"_render":true},{"ind":1,"ty":"sh","ix":2,"ks":{"a":0,"k":{"i":[[98.831,49.417]],"o":[[98.831,49.417]],"v":[[98.831,49.417]],"c":false},"ix":2},"nm":"Path 2","mn":"ADBE Vector Shape - Group","hd":false,"_render":true},{"ty":"fl","c":{"a":0,"k":[1,0,0.5667,1],"ix":4},"o":{"a":0,"k":100,"ix":5},"r":1,"bm":0,"nm":"Fill 1","mn":"ADBE Vector Graphic - Fill","hd":false,"_render":true},{"ty":"tr","p":{"a":0,"k":[0,0],"ix":2},"a":{"a":0,"k":[0,0],"ix":1},"s":{"a":0,"k":[100,100],"ix":3},"r":{"a":0,"k":0,"ix":6},"o":{"a":0,"k":100,"ix":7},"sk":{"a":0,"k":0,"ix":4},"sa":{"a":0,"k":0,"ix":5},"nm":"Transform","_render":true}],"nm":"Path 1","np":4,"cix":2,"bm":0,"ix":1,"mn":"ADBE Vector Group","hd":false,"_render":true}],"ip":0,"op":1793.99963378906,"st":0,"bm":0,"completed":true}]},{"ddd":0,"ind":2,"ty":4,"nm":"Path 3","sr":1,"ks":{"o":{"a":0,"k":100,"ix":11},"r":{"a":0,"k":0,"ix":10},"p":{"a":0,"k":[328.453,169.897,0],"ix":2},"a":{"a":0,"k":[61.77,61.769,0],"ix":1},"s":{"a":1,"k":[{"i":{"x":[0.667,0.667,0.667],"y":[1,1,1]},"o":{"x":[0.333,0.333,0.333],"y":[0,0,0]},"t":0,"s":[50,50,100]},{"i":{"x":[0.667,0.667,0.667],"y":[1,1,1]},"o":{"x":[0.333,0.333,0.333],"y":[0,0,0]},"t":9,"s":[110,110,100]},{"i":{"x":[0.667,0.667,0.667],"y":[1,1,1]},"o":{"x":[0.333,0.333,0.333],"y":[0,0,0]},"t":14,"s":[95,95,100]},{"i":{"x":[0.667,0.667,0.667],"y":[1,1,1.221]},"o":{"x":[0.333,0.333,0.333],"y":[0,0,0]},"t":20,"s":[100,100,100]},{"i":{"x":[0.667,0.667,0.667],"y":[0.943,0.943,0.907]},"o":{"x":[0.333,0.333,0.333],"y":[0,0,-0.221]},"t":24,"s":[97,97,100]},{"i":{"x":[0.667,0.667,0.667],"y":[1,1,1]},"o":{"x":[0.333,0.333,0.333],"y":[0.471,0.471,0.255]},"t":28,"s":[100,100,100]},{"i":{"x":[0.667,0.667,0.667],"y":[1,1,1]},"o":{"x":[0.333,0.333,0.333],"y":[0,0,0]},"t":39,"s":[100,100,100]},{"t":48.9999899975831,"s":[50,50,100]}],"ix":6}},"ao":0,"shapes":[{"ty":"gr","it":[{"ind":0,"ty":"sh","ix":1,"ks":{"a":0,"k":{"i":[[123.54,27.656000000000006],[95.884,123.538],[0,95.884],[27.656000000000006,0]],"o":[[123.54,95.884],[27.656000000000006,123.538],[0,27.656000000000006],[95.884,0]],"v":[[123.54,61.77],[61.77,123.538],[0,61.77],[61.77,0]],"c":true},"ix":2},"nm":"Path 1","mn":"ADBE Vector Shape - Group","hd":false,"_render":true},{"ind":1,"ty":"sh","ix":2,"ks":{"a":0,"k":{"i":[[123.54,61.77]],"o":[[123.54,61.77]],"v":[[123.54,61.77]],"c":false},"ix":2},"nm":"Path 2","mn":"ADBE Vector Shape - Group","hd":false,"_render":true},{"ty":"fl","c":{"a":0,"k":[0.4784,0.2471,0.3765,1],"ix":4},"o":{"a":0,"k":100,"ix":5},"r":1,"bm":0,"nm":"Fill 1","mn":"ADBE Vector Graphic - Fill","hd":false,"_render":true},{"ty":"tr","p":{"a":0,"k":[0,0],"ix":2},"a":{"a":0,"k":[0,0],"ix":1},"s":{"a":0,"k":[100,100],"ix":3},"r":{"a":0,"k":0,"ix":6},"o":{"a":0,"k":100,"ix":7},"sk":{"a":0,"k":0,"ix":4},"sa":{"a":0,"k":0,"ix":5},"nm":"Transform","_render":true}],"nm":"Path 3","np":4,"cix":2,"bm":0,"ix":1,"mn":"ADBE Vector Group","hd":false,"_render":true}],"ip":0,"op":1793.99963378906,"st":0,"bm":0,"completed":true}],"markers":[],"__complete":true}